onset	duration	trial_type	cash_demean	control_pumps_demean	explode_demean	pumps_demean	response_time
0.059	0.772	pumps_demean	n/a	n/a	n/a	-2.500	0.878
3.140	0.772	pumps_demean	n/a	n/a	n/a	-1.500	0.477
5.087	0.772	pumps_demean	n/a	n/a	n/a	-0.500	0.474
7.399	0.772	pumps_demean	n/a	n/a	n/a	0.500	0.362
9.643	0.772	pumps_demean	n/a	n/a	n/a	1.500	0.358
12.289	0.772	pumps_demean	n/a	n/a	n/a	2.500	0.408
14.417	0.772	cash_demean	-0.500	n/a	n/a	n/a	1.168
24.315	0.772	pumps_demean	n/a	n/a	n/a	-3.000	0.455
26.730	0.772	pumps_demean	n/a	n/a	n/a	-2.000	0.391
29.988	0.772	pumps_demean	n/a	n/a	n/a	-1.000	0.349
31.497	0.772	pumps_demean	n/a	n/a	n/a	0.000	0.592
33.311	0.772	pumps_demean	n/a	n/a	n/a	1.000	0.316
35.389	0.772	pumps_demean	n/a	n/a	n/a	2.000	0.405
38.459	0.772	pumps_demean	n/a	n/a	n/a	3.000	0.614
41.875	0.772	explode_demean	n/a	n/a	2.833	n/a	n/a
48.094	0.772	pumps_demean	n/a	n/a	n/a	-2.000	0.747
50.366	0.772	pumps_demean	n/a	n/a	n/a	-1.000	0.308
52.575	0.772	pumps_demean	n/a	n/a	n/a	0.000	0.355
54.691	0.772	pumps_demean	n/a	n/a	n/a	1.000	0.366
57.723	0.772	pumps_demean	n/a	n/a	n/a	2.000	0.391
60.886	0.772	explode_demean	n/a	n/a	0.833	n/a	n/a
67.599	0.772	pumps_demean	n/a	n/a	n/a	-3.000	0.362
70.078	0.772	pumps_demean	n/a	n/a	n/a	-2.000	0.317
73.291	0.772	pumps_demean	n/a	n/a	n/a	-1.000	0.383
75.453	0.772	pumps_demean	n/a	n/a	n/a	0.000	0.373
78.517	0.772	pumps_demean	n/a	n/a	n/a	1.000	0.373
80.392	0.772	pumps_demean	n/a	n/a	n/a	2.000	0.562
82.847	0.772	pumps_demean	n/a	n/a	n/a	3.000	0.690
85.340	0.772	explode_demean	n/a	n/a	2.833	n/a	n/a
99.181	0.772	pumps_demean	n/a	n/a	n/a	0.000	0.453
101.597	0.772	explode_demean	n/a	n/a	-3.167	n/a	n/a
114.662	0.772	pumps_demean	n/a	n/a	n/a	-3.000	0.452
117.021	0.772	pumps_demean	n/a	n/a	n/a	-2.000	0.357
118.580	0.772	pumps_demean	n/a	n/a	n/a	-1.000	0.350
120.736	0.772	pumps_demean	n/a	n/a	n/a	0.000	0.338
122.986	0.772	pumps_demean	n/a	n/a	n/a	1.000	0.368
125.627	0.772	pumps_demean	n/a	n/a	n/a	2.000	0.359
128.051	0.772	pumps_demean	n/a	n/a	n/a	3.000	0.367
130.194	0.772	cash_demean	0.500	n/a	n/a	n/a	0.712
134.418	0.772	pumps_demean	n/a	n/a	n/a	-1.000	0.409
136.288	0.772	pumps_demean	n/a	n/a	n/a	0.000	0.339
138.752	0.772	pumps_demean	n/a	n/a	n/a	1.000	0.363
140.251	0.772	explode_demean	n/a	n/a	-1.167	n/a	n/a
145.185	0.772	pumps_demean	n/a	n/a	n/a	-2.500	0.385
147.588	0.772	pumps_demean	n/a	n/a	n/a	-1.500	0.359
149.264	0.772	pumps_demean	n/a	n/a	n/a	-0.500	0.418
150.908	0.772	pumps_demean	n/a	n/a	n/a	0.500	0.390
154.016	0.772	pumps_demean	n/a	n/a	n/a	1.500	0.451
155.885	0.772	pumps_demean	n/a	n/a	n/a	2.500	0.518
158.906	0.772	explode_demean	n/a	n/a	1.833	n/a	n/a
162.077	0.772	pumps_demean	n/a	n/a	n/a	-2.500	0.550
165.231	0.772	pumps_demean	n/a	n/a	n/a	-1.500	0.347
167.927	0.772	pumps_demean	n/a	n/a	n/a	-0.500	0.492
170.112	0.772	pumps_demean	n/a	n/a	n/a	0.500	0.323
172.794	0.772	pumps_demean	n/a	n/a	n/a	1.500	0.321
175.472	0.772	pumps_demean	n/a	n/a	n/a	2.500	0.314
178.540	0.772	explode_demean	n/a	n/a	1.833	n/a	n/a
181.641	0.772	pumps_demean	n/a	n/a	n/a	0.000	0.570
183.577	0.772	explode_demean	n/a	n/a	-3.167	n/a	n/a
188.671	0.772	pumps_demean	n/a	n/a	n/a	-1.500	0.308
191.904	0.772	pumps_demean	n/a	n/a	n/a	-0.500	0.347
194.120	0.772	pumps_demean	n/a	n/a	n/a	0.500	0.427
197.264	0.772	pumps_demean	n/a	n/a	n/a	1.500	0.420
199.402	0.772	explode_demean	n/a	n/a	-0.167	n/a	n/a
210.534	0.772	pumps_demean	n/a	n/a	n/a	0.000	0.469
213.665	0.772	explode_demean	n/a	n/a	-3.167	n/a	n/a
224.665	0.772	control_pumps_demean	n/a	-4.000	n/a	n/a	0.514
226.634	0.772	control_pumps_demean	n/a	-3.000	n/a	n/a	0.441
229.066	0.772	control_pumps_demean	n/a	-2.000	n/a	n/a	0.345
232.280	0.772	control_pumps_demean	n/a	-1.000	n/a	n/a	0.539
234.859	0.772	control_pumps_demean	n/a	0.000	n/a	n/a	0.488
237.392	0.772	control_pumps_demean	n/a	1.000	n/a	n/a	0.387
240.379	0.772	control_pumps_demean	n/a	2.000	n/a	n/a	0.504
242.988	0.772	control_pumps_demean	n/a	3.000	n/a	n/a	0.384
245.534	0.772	control_pumps_demean	n/a	4.000	n/a	n/a	0.381
255.967	0.772	pumps_demean	n/a	n/a	n/a	-1.500	0.406
258.477	0.772	pumps_demean	n/a	n/a	n/a	-0.500	0.294
261.489	0.772	pumps_demean	n/a	n/a	n/a	0.500	0.347
263.466	0.772	pumps_demean	n/a	n/a	n/a	1.500	0.377
266.586	0.772	explode_demean	n/a	n/a	-0.167	n/a	n/a
274.211	0.772	pumps_demean	n/a	n/a	n/a	0.000	0.297
276.946	0.772	explode_demean	n/a	n/a	-3.167	n/a	n/a
285.568	0.772	pumps_demean	n/a	n/a	n/a	-2.000	0.404
287.786	0.772	pumps_demean	n/a	n/a	n/a	-1.000	0.306
289.181	0.772	pumps_demean	n/a	n/a	n/a	0.000	0.439
291.135	0.772	pumps_demean	n/a	n/a	n/a	1.000	0.253
293.330	0.772	pumps_demean	n/a	n/a	n/a	2.000	0.378
295.273	0.772	explode_demean	n/a	n/a	0.833	n/a	n/a
306.119	0.772	control_pumps_demean	n/a	-2.000	n/a	n/a	0.485
309.380	0.772	control_pumps_demean	n/a	-1.000	n/a	n/a	0.480
312.666	0.772	control_pumps_demean	n/a	0.000	n/a	n/a	0.394
314.285	0.772	control_pumps_demean	n/a	1.000	n/a	n/a	0.407
316.386	0.772	control_pumps_demean	n/a	2.000	n/a	n/a	0.371
326.146	0.772	control_pumps_demean	n/a	0.000	n/a	n/a	0.922
335.135	0.772	pumps_demean	n/a	n/a	n/a	-2.500	0.662
338.489	0.772	pumps_demean	n/a	n/a	n/a	-1.500	0.331
340.573	0.772	pumps_demean	n/a	n/a	n/a	-0.500	0.343
342.802	0.772	pumps_demean	n/a	n/a	n/a	0.500	0.379
345.644	0.772	pumps_demean	n/a	n/a	n/a	1.500	0.353
347.320	0.772	pumps_demean	n/a	n/a	n/a	2.500	0.469
350.196	0.772	explode_demean	n/a	n/a	1.833	n/a	n/a
363.551	0.772	pumps_demean	n/a	n/a	n/a	-1.500	0.430
365.949	0.772	pumps_demean	n/a	n/a	n/a	-0.500	0.336
367.585	0.772	pumps_demean	n/a	n/a	n/a	0.500	0.307
369.340	0.772	pumps_demean	n/a	n/a	n/a	1.500	0.297
372.185	0.772	explode_demean	n/a	n/a	-0.167	n/a	n/a
378.253	0.772	pumps_demean	n/a	n/a	n/a	-2.000	0.504
381.031	0.772	pumps_demean	n/a	n/a	n/a	-1.000	0.319
384.151	0.772	pumps_demean	n/a	n/a	n/a	0.000	0.318
386.220	0.772	pumps_demean	n/a	n/a	n/a	1.000	0.369
388.491	0.772	pumps_demean	n/a	n/a	n/a	2.000	0.426
390.857	0.772	cash_demean	-1.500	n/a	n/a	n/a	1.156
399.007	0.772	control_pumps_demean	n/a	-4.000	n/a	n/a	0.438
401.934	0.772	control_pumps_demean	n/a	-3.000	n/a	n/a	0.784
404.723	0.772	control_pumps_demean	n/a	-2.000	n/a	n/a	0.427
406.854	0.772	control_pumps_demean	n/a	-1.000	n/a	n/a	0.479
408.791	0.772	control_pumps_demean	n/a	0.000	n/a	n/a	0.462
412.319	0.772	control_pumps_demean	n/a	1.000	n/a	n/a	0.470
414.047	0.772	control_pumps_demean	n/a	2.000	n/a	n/a	0.614
415.745	0.772	control_pumps_demean	n/a	3.000	n/a	n/a	0.492
418.283	0.772	control_pumps_demean	n/a	4.000	n/a	n/a	0.386
426.363	0.772	pumps_demean	n/a	n/a	n/a	-3.000	0.691
428.134	0.772	pumps_demean	n/a	n/a	n/a	-2.000	0.680
431.553	0.772	pumps_demean	n/a	n/a	n/a	-1.000	1.749
435.308	0.772	pumps_demean	n/a	n/a	n/a	0.000	0.924
438.602	0.772	pumps_demean	n/a	n/a	n/a	1.000	1.244
441.403	0.772	pumps_demean	n/a	n/a	n/a	2.000	1.963
444.551	0.772	pumps_demean	n/a	n/a	n/a	3.000	4.823
452.295	0.772	cash_demean	0.500	n/a	n/a	n/a	0.718
457.698	0.772	control_pumps_demean	n/a	-2.000	n/a	n/a	1.180
460.965	0.772	control_pumps_demean	n/a	-1.000	n/a	n/a	0.929
464.933	0.772	control_pumps_demean	n/a	0.000	n/a	n/a	2.497
468.710	0.772	control_pumps_demean	n/a	1.000	n/a	n/a	0.552
471.663	0.772	control_pumps_demean	n/a	2.000	n/a	n/a	0.559
480.852	0.772	pumps_demean	n/a	n/a	n/a	-3.000	0.818
483.914	0.772	pumps_demean	n/a	n/a	n/a	-2.000	1.093
487.181	0.772	pumps_demean	n/a	n/a	n/a	-1.000	2.153
491.911	0.772	pumps_demean	n/a	n/a	n/a	0.000	2.959
497.620	0.772	pumps_demean	n/a	n/a	n/a	1.000	0.866
500.234	0.772	pumps_demean	n/a	n/a	n/a	2.000	1.380
503.322	0.772	pumps_demean	n/a	n/a	n/a	3.000	1.100
506.833	0.772	cash_demean	0.500	n/a	n/a	n/a	0.726
511.951	0.772	pumps_demean	n/a	n/a	n/a	-2.000	0.920
515.355	0.772	pumps_demean	n/a	n/a	n/a	-1.000	0.483
517.011	0.772	pumps_demean	n/a	n/a	n/a	0.000	0.396
519.451	0.772	pumps_demean	n/a	n/a	n/a	1.000	0.524
522.436	0.772	pumps_demean	n/a	n/a	n/a	2.000	0.587
524.630	0.772	explode_demean	n/a	n/a	0.833	n/a	n/a
530.294	0.772	control_pumps_demean	n/a	-0.500	n/a	n/a	0.608
532.578	0.772	control_pumps_demean	n/a	0.500	n/a	n/a	0.485
544.933	0.772	pumps_demean	n/a	n/a	n/a	-0.500	2.674
549.787	0.772	pumps_demean	n/a	n/a	n/a	0.500	0.812
553.350	0.772	explode_demean	n/a	n/a	-2.167	n/a	n/a
562.546	0.772	pumps_demean	n/a	n/a	n/a	-3.000	0.725
565.210	0.772	pumps_demean	n/a	n/a	n/a	-2.000	0.605
568.602	0.772	pumps_demean	n/a	n/a	n/a	-1.000	0.614
571.341	0.772	pumps_demean	n/a	n/a	n/a	0.000	0.778
574.851	0.772	pumps_demean	n/a	n/a	n/a	1.000	0.604
577.333	0.772	pumps_demean	n/a	n/a	n/a	2.000	0.418
580.794	0.772	pumps_demean	n/a	n/a	n/a	3.000	0.686
584.141	0.772	cash_demean	0.500	n/a	n/a	n/a	0.835
593.037	0.772	pumps_demean	n/a	n/a	n/a	-3.000	0.706
594.928	0.772	pumps_demean	n/a	n/a	n/a	-2.000	0.600
598.230	0.772	pumps_demean	n/a	n/a	n/a	-1.000	0.610
600.235	0.772	pumps_demean	n/a	n/a	n/a	0.000	0.909
602.328	0.772	pumps_demean	n/a	n/a	n/a	1.000	0.480
605.772	0.772	pumps_demean	n/a	n/a	n/a	2.000	0.715
608.486	0.772	pumps_demean	n/a	n/a	n/a	3.000	0.962
610.881	0.772	explode_demean	n/a	n/a	2.833	n/a	n/a
