onset	duration	trial_type	cash_demean	control_pumps_demean	explode_demean	pumps_demean	response_time
0.060	0.772	pumps_demean	n/a	n/a	n/a	-3.500	1.267
4.213	0.772	pumps_demean	n/a	n/a	n/a	-2.500	0.395
6.221	0.772	pumps_demean	n/a	n/a	n/a	-1.500	0.426
7.791	0.772	pumps_demean	n/a	n/a	n/a	-0.500	0.432
10.313	0.772	pumps_demean	n/a	n/a	n/a	0.500	0.598
13.732	0.772	pumps_demean	n/a	n/a	n/a	1.500	0.930
16.258	0.772	pumps_demean	n/a	n/a	n/a	2.500	1.109
19.747	0.772	pumps_demean	n/a	n/a	n/a	3.500	0.356
22.485	0.772	explode_demean	n/a	n/a	3.333	n/a	n/a
33.820	0.772	control_pumps_demean	n/a	-5.500	n/a	n/a	0.499
35.784	0.772	control_pumps_demean	n/a	-4.500	n/a	n/a	0.446
38.453	0.772	control_pumps_demean	n/a	-3.500	n/a	n/a	0.475
41.567	0.772	control_pumps_demean	n/a	-2.500	n/a	n/a	0.424
44.965	0.772	control_pumps_demean	n/a	-1.500	n/a	n/a	0.458
47.208	0.772	control_pumps_demean	n/a	-0.500	n/a	n/a	0.511
50.020	0.772	control_pumps_demean	n/a	0.500	n/a	n/a	0.355
52.689	0.772	control_pumps_demean	n/a	1.500	n/a	n/a	0.406
54.639	0.772	control_pumps_demean	n/a	2.500	n/a	n/a	0.416
56.770	0.772	control_pumps_demean	n/a	3.500	n/a	n/a	0.413
59.196	0.772	control_pumps_demean	n/a	4.500	n/a	n/a	0.436
62.173	0.772	control_pumps_demean	n/a	5.500	n/a	n/a	0.443
77.312	0.772	pumps_demean	n/a	n/a	n/a	-2.500	0.680
80.125	0.772	pumps_demean	n/a	n/a	n/a	-1.500	0.515
82.100	0.772	pumps_demean	n/a	n/a	n/a	-0.500	0.444
84.493	0.772	pumps_demean	n/a	n/a	n/a	0.500	0.530
87.060	0.772	pumps_demean	n/a	n/a	n/a	1.500	0.668
89.569	0.772	pumps_demean	n/a	n/a	n/a	2.500	0.455
92.438	0.772	explode_demean	n/a	n/a	1.333	n/a	n/a
97.320	0.772	pumps_demean	n/a	n/a	n/a	-1.000	0.336
100.251	0.772	pumps_demean	n/a	n/a	n/a	0.000	0.277
101.774	0.772	pumps_demean	n/a	n/a	n/a	1.000	0.442
103.623	0.772	explode_demean	n/a	n/a	-1.667	n/a	n/a
108.969	0.772	pumps_demean	n/a	n/a	n/a	-3.500	0.446
111.148	0.772	pumps_demean	n/a	n/a	n/a	-2.500	0.381
113.746	0.772	pumps_demean	n/a	n/a	n/a	-1.500	0.246
115.087	0.772	pumps_demean	n/a	n/a	n/a	-0.500	0.673
117.935	0.772	pumps_demean	n/a	n/a	n/a	0.500	0.401
120.681	0.772	pumps_demean	n/a	n/a	n/a	1.500	0.344
122.850	0.772	pumps_demean	n/a	n/a	n/a	2.500	0.350
126.147	0.772	pumps_demean	n/a	n/a	n/a	3.500	0.469
129.207	0.772	cash_demean	0.143	n/a	n/a	n/a	0.625
133.989	0.772	pumps_demean	n/a	n/a	n/a	-4.500	0.580
136.706	0.772	pumps_demean	n/a	n/a	n/a	-3.500	0.830
139.942	0.772	pumps_demean	n/a	n/a	n/a	-2.500	0.314
142.450	0.772	pumps_demean	n/a	n/a	n/a	-1.500	0.383
145.197	0.772	pumps_demean	n/a	n/a	n/a	-0.500	0.347
146.898	0.772	pumps_demean	n/a	n/a	n/a	0.500	0.710
150.161	0.772	pumps_demean	n/a	n/a	n/a	1.500	0.408
153.533	0.772	pumps_demean	n/a	n/a	n/a	2.500	0.571
155.428	0.772	pumps_demean	n/a	n/a	n/a	3.500	0.381
157.601	0.772	pumps_demean	n/a	n/a	n/a	4.500	0.360
159.292	0.772	cash_demean	2.143	n/a	n/a	n/a	0.669
166.478	0.772	pumps_demean	n/a	n/a	n/a	-0.500	0.378
168.158	0.772	pumps_demean	n/a	n/a	n/a	0.500	0.403
170.136	0.772	explode_demean	n/a	n/a	-2.667	n/a	n/a
177.755	0.772	pumps_demean	n/a	n/a	n/a	-1.500	0.325
180.100	0.772	pumps_demean	n/a	n/a	n/a	-0.500	0.365
181.575	0.772	pumps_demean	n/a	n/a	n/a	0.500	0.753
184.696	0.772	pumps_demean	n/a	n/a	n/a	1.500	0.409
186.542	0.772	explode_demean	n/a	n/a	-0.667	n/a	n/a
193.048	0.772	pumps_demean	n/a	n/a	n/a	-1.500	0.353
194.975	0.772	pumps_demean	n/a	n/a	n/a	-0.500	0.482
197.100	0.772	pumps_demean	n/a	n/a	n/a	0.500	0.397
199.041	0.772	pumps_demean	n/a	n/a	n/a	1.500	0.496
201.842	0.772	explode_demean	n/a	n/a	-0.667	n/a	n/a
205.591	0.772	pumps_demean	n/a	n/a	n/a	-2.000	0.483
209.141	0.772	pumps_demean	n/a	n/a	n/a	-1.000	0.276
212.103	0.772	pumps_demean	n/a	n/a	n/a	0.000	0.330
214.232	0.772	pumps_demean	n/a	n/a	n/a	1.000	0.394
216.136	0.772	pumps_demean	n/a	n/a	n/a	2.000	0.329
218.766	0.772	cash_demean	-2.857	n/a	n/a	n/a	0.404
225.496	0.772	pumps_demean	n/a	n/a	n/a	-3.500	0.529
227.902	0.772	pumps_demean	n/a	n/a	n/a	-2.500	0.539
231.060	0.772	pumps_demean	n/a	n/a	n/a	-1.500	0.365
232.588	0.772	pumps_demean	n/a	n/a	n/a	-0.500	0.621
235.385	0.772	pumps_demean	n/a	n/a	n/a	0.500	0.521
237.853	0.772	pumps_demean	n/a	n/a	n/a	1.500	0.388
240.624	0.772	pumps_demean	n/a	n/a	n/a	2.500	0.409
242.401	0.772	pumps_demean	n/a	n/a	n/a	3.500	0.592
244.697	0.772	cash_demean	0.143	n/a	n/a	n/a	0.721
253.840	0.772	pumps_demean	n/a	n/a	n/a	-0.500	0.369
256.131	0.772	pumps_demean	n/a	n/a	n/a	0.500	1.303
259.407	0.772	explode_demean	n/a	n/a	-2.667	n/a	n/a
263.200	0.772	pumps_demean	n/a	n/a	n/a	-0.500	0.426
265.227	0.772	pumps_demean	n/a	n/a	n/a	0.500	0.671
268.633	0.772	explode_demean	n/a	n/a	-2.667	n/a	n/a
273.760	0.772	pumps_demean	n/a	n/a	n/a	-1.000	0.442
275.546	0.772	pumps_demean	n/a	n/a	n/a	0.000	1.720
280.037	0.772	pumps_demean	n/a	n/a	n/a	1.000	0.406
282.170	0.772	explode_demean	n/a	n/a	-1.667	n/a	n/a
289.101	0.772	pumps_demean	n/a	n/a	n/a	-3.000	0.661
292.617	0.772	pumps_demean	n/a	n/a	n/a	-2.000	0.426
295.045	0.772	pumps_demean	n/a	n/a	n/a	-1.000	0.397
297.997	0.772	pumps_demean	n/a	n/a	n/a	0.000	0.597
300.953	0.772	pumps_demean	n/a	n/a	n/a	1.000	0.729
304.230	0.772	pumps_demean	n/a	n/a	n/a	2.000	0.389
307.261	0.772	pumps_demean	n/a	n/a	n/a	3.000	0.445
309.321	0.772	explode_demean	n/a	n/a	2.333	n/a	n/a
312.681	0.772	control_pumps_demean	n/a	-4.500	n/a	n/a	0.657
316.079	0.772	control_pumps_demean	n/a	-3.500	n/a	n/a	0.700
319.844	0.772	control_pumps_demean	n/a	-2.500	n/a	n/a	0.638
321.931	0.772	control_pumps_demean	n/a	-1.500	n/a	n/a	4.647
327.795	0.772	control_pumps_demean	n/a	-0.500	n/a	n/a	0.648
330.317	0.772	control_pumps_demean	n/a	0.500	n/a	n/a	0.469
331.951	0.772	control_pumps_demean	n/a	1.500	n/a	n/a	1.659
334.844	0.772	control_pumps_demean	n/a	2.500	n/a	n/a	1.399
337.660	0.772	control_pumps_demean	n/a	3.500	n/a	n/a	1.159
340.248	0.772	control_pumps_demean	n/a	4.500	n/a	n/a	0.443
352.010	0.772	control_pumps_demean	n/a	-4.000	n/a	n/a	0.441
354.447	0.772	control_pumps_demean	n/a	-3.000	n/a	n/a	0.668
358.111	0.772	control_pumps_demean	n/a	-2.000	n/a	n/a	0.356
360.481	0.772	control_pumps_demean	n/a	-1.000	n/a	n/a	0.498
362.598	0.772	control_pumps_demean	n/a	0.000	n/a	n/a	1.021
365.835	0.772	control_pumps_demean	n/a	1.000	n/a	n/a	0.672
367.618	0.772	control_pumps_demean	n/a	2.000	n/a	n/a	0.584
370.995	0.772	control_pumps_demean	n/a	3.000	n/a	n/a	0.489
373.193	0.772	control_pumps_demean	n/a	4.000	n/a	n/a	0.818
382.884	0.772	pumps_demean	n/a	n/a	n/a	-3.500	0.471
385.176	0.772	pumps_demean	n/a	n/a	n/a	-2.500	0.435
388.564	0.772	pumps_demean	n/a	n/a	n/a	-1.500	0.351
391.051	0.772	pumps_demean	n/a	n/a	n/a	-0.500	0.384
393.350	0.772	pumps_demean	n/a	n/a	n/a	0.500	0.470
396.445	0.772	pumps_demean	n/a	n/a	n/a	1.500	0.446
397.996	0.772	pumps_demean	n/a	n/a	n/a	2.500	0.466
401.445	0.772	pumps_demean	n/a	n/a	n/a	3.500	0.318
403.911	0.772	cash_demean	0.143	n/a	n/a	n/a	0.444
408.937	0.772	pumps_demean	n/a	n/a	n/a	-1.500	0.418
411.045	0.772	pumps_demean	n/a	n/a	n/a	-0.500	0.359
413.372	0.772	pumps_demean	n/a	n/a	n/a	0.500	0.296
415.189	0.772	pumps_demean	n/a	n/a	n/a	1.500	0.423
417.312	0.772	explode_demean	n/a	n/a	-0.667	n/a	n/a
424.530	0.772	pumps_demean	n/a	n/a	n/a	-1.000	0.442
427.014	0.772	pumps_demean	n/a	n/a	n/a	0.000	0.430
429.961	0.772	pumps_demean	n/a	n/a	n/a	1.000	0.467
431.945	0.772	explode_demean	n/a	n/a	-1.667	n/a	n/a
438.050	0.772	control_pumps_demean	n/a	-1.500	n/a	n/a	0.442
440.186	0.772	control_pumps_demean	n/a	-0.500	n/a	n/a	0.529
442.716	0.772	control_pumps_demean	n/a	0.500	n/a	n/a	0.423
445.733	0.772	control_pumps_demean	n/a	1.500	n/a	n/a	0.438
455.958	0.772	pumps_demean	n/a	n/a	n/a	-4.500	0.582
458.865	0.772	pumps_demean	n/a	n/a	n/a	-3.500	0.475
461.422	0.772	pumps_demean	n/a	n/a	n/a	-2.500	0.574
464.715	0.772	pumps_demean	n/a	n/a	n/a	-1.500	0.697
468.122	0.772	pumps_demean	n/a	n/a	n/a	-0.500	0.770
471.561	0.772	pumps_demean	n/a	n/a	n/a	0.500	0.659
473.360	0.772	pumps_demean	n/a	n/a	n/a	1.500	0.516
475.620	0.772	pumps_demean	n/a	n/a	n/a	2.500	0.456
477.795	0.772	pumps_demean	n/a	n/a	n/a	3.500	0.521
481.056	0.772	pumps_demean	n/a	n/a	n/a	4.500	0.421
484.049	0.772	cash_demean	2.143	n/a	n/a	n/a	0.571
496.219	0.772	pumps_demean	n/a	n/a	n/a	-1.500	0.498
499.211	0.772	pumps_demean	n/a	n/a	n/a	-0.500	0.474
501.986	0.772	pumps_demean	n/a	n/a	n/a	0.500	0.387
504.156	0.772	pumps_demean	n/a	n/a	n/a	1.500	0.569
507.242	0.772	explode_demean	n/a	n/a	-0.667	n/a	n/a
513.244	0.772	pumps_demean	n/a	n/a	n/a	-3.500	0.409
516.238	0.772	pumps_demean	n/a	n/a	n/a	-2.500	0.407
518.883	0.772	pumps_demean	n/a	n/a	n/a	-1.500	0.465
520.729	0.772	pumps_demean	n/a	n/a	n/a	-0.500	0.507
523.736	0.772	pumps_demean	n/a	n/a	n/a	0.500	0.332
526.976	0.772	pumps_demean	n/a	n/a	n/a	1.500	0.477
530.324	0.772	pumps_demean	n/a	n/a	n/a	2.500	0.456
533.521	0.772	pumps_demean	n/a	n/a	n/a	3.500	0.348
535.386	0.772	explode_demean	n/a	n/a	3.333	n/a	n/a
545.094	0.772	control_pumps_demean	n/a	-1.500	n/a	n/a	0.487
547.486	0.772	control_pumps_demean	n/a	-0.500	n/a	n/a	0.423
550.435	0.772	control_pumps_demean	n/a	0.500	n/a	n/a	0.378
553.627	0.772	control_pumps_demean	n/a	1.500	n/a	n/a	0.554
564.097	0.772	pumps_demean	n/a	n/a	n/a	-2.500	0.516
565.922	0.772	pumps_demean	n/a	n/a	n/a	-1.500	0.804
568.136	0.772	pumps_demean	n/a	n/a	n/a	-0.500	0.334
571.386	0.772	pumps_demean	n/a	n/a	n/a	0.500	0.379
573.421	0.772	pumps_demean	n/a	n/a	n/a	1.500	0.536
575.370	0.772	pumps_demean	n/a	n/a	n/a	2.500	0.403
578.685	0.772	cash_demean	-1.857	n/a	n/a	n/a	0.449
585.580	0.772	pumps_demean	n/a	n/a	n/a	-4.500	0.425
587.495	0.772	pumps_demean	n/a	n/a	n/a	-3.500	0.375
589.620	0.772	pumps_demean	n/a	n/a	n/a	-2.500	0.466
591.605	0.772	pumps_demean	n/a	n/a	n/a	-1.500	0.497
595.077	0.772	pumps_demean	n/a	n/a	n/a	-0.500	0.385
596.781	0.772	pumps_demean	n/a	n/a	n/a	0.500	0.672
598.642	0.772	pumps_demean	n/a	n/a	n/a	1.500	0.516
600.751	0.772	pumps_demean	n/a	n/a	n/a	2.500	0.976
604.697	0.772	pumps_demean	n/a	n/a	n/a	3.500	1.317
607.823	0.772	pumps_demean	n/a	n/a	n/a	4.500	0.815
611.347	0.772	explode_demean	n/a	n/a	5.333	n/a	n/a
