onset	duration	trial_type	cash_demean	control_pumps_demean	explode_demean	pumps_demean	response_time
0.063	0.772	pumps_demean	n/a	n/a	n/a	-0.500	2.569
4.953	0.772	pumps_demean	n/a	n/a	n/a	0.500	2.846
8.983	0.772	cash_demean	-2.846	n/a	n/a	n/a	2.281
22.756	0.772	pumps_demean	n/a	n/a	n/a	-0.500	1.644
25.531	0.772	pumps_demean	n/a	n/a	n/a	0.500	1.165
28.684	0.772	cash_demean	-2.846	n/a	n/a	n/a	5.092
42.529	0.772	pumps_demean	n/a	n/a	n/a	-1.000	1.255
45.567	0.772	pumps_demean	n/a	n/a	n/a	0.000	2.505
49.912	0.772	pumps_demean	n/a	n/a	n/a	1.000	4.649
56.135	0.772	cash_demean	-1.846	n/a	n/a	n/a	1.625
68.628	0.772	pumps_demean	n/a	n/a	n/a	-1.500	0.837
72.413	0.772	pumps_demean	n/a	n/a	n/a	-0.500	0.764
75.443	0.772	pumps_demean	n/a	n/a	n/a	0.500	1.030
77.987	0.772	pumps_demean	n/a	n/a	n/a	1.500	4.477
83.633	0.772	cash_demean	-0.846	n/a	n/a	n/a	1.415
89.647	0.772	pumps_demean	n/a	n/a	n/a	-0.500	0.809
92.720	0.772	pumps_demean	n/a	n/a	n/a	0.500	0.833
95.075	0.772	explode_demean	n/a	n/a	-1.778	n/a	n/a
99.031	0.772	pumps_demean	n/a	n/a	n/a	-1.000	1.385
101.610	0.772	pumps_demean	n/a	n/a	n/a	0.000	0.854
104.550	0.772	pumps_demean	n/a	n/a	n/a	1.000	2.058
108.234	0.772	cash_demean	-1.846	n/a	n/a	n/a	1.422
117.071	0.772	pumps_demean	n/a	n/a	n/a	-1.000	2.658
122.619	0.772	pumps_demean	n/a	n/a	n/a	0.000	0.829
125.490	0.772	pumps_demean	n/a	n/a	n/a	1.000	2.655
129.672	0.772	explode_demean	n/a	n/a	-0.778	n/a	n/a
134.884	0.772	pumps_demean	n/a	n/a	n/a	-1.000	0.837
136.886	0.772	pumps_demean	n/a	n/a	n/a	0.000	0.547
139.610	0.772	pumps_demean	n/a	n/a	n/a	1.000	1.278
143.510	0.772	explode_demean	n/a	n/a	-0.778	n/a	n/a
151.802	0.772	control_pumps_demean	n/a	-2.500	n/a	n/a	1.343
155.876	0.772	control_pumps_demean	n/a	-1.500	n/a	n/a	0.573
158.531	0.772	control_pumps_demean	n/a	-0.500	n/a	n/a	1.349
162.510	0.772	control_pumps_demean	n/a	0.500	n/a	n/a	3.085
167.487	0.772	control_pumps_demean	n/a	1.500	n/a	n/a	2.194
172.578	0.772	control_pumps_demean	n/a	2.500	n/a	n/a	2.910
189.336	0.772	pumps_demean	n/a	n/a	n/a	-2.000	1.377
192.239	0.772	pumps_demean	n/a	n/a	n/a	-1.000	0.602
194.175	0.772	pumps_demean	n/a	n/a	n/a	0.000	0.754
197.964	0.772	pumps_demean	n/a	n/a	n/a	1.000	1.381
200.810	0.772	pumps_demean	n/a	n/a	n/a	2.000	2.215
205.654	0.772	cash_demean	0.154	n/a	n/a	n/a	1.883
214.077	0.772	control_pumps_demean	n/a	-5.000	n/a	n/a	1.100
216.513	0.772	control_pumps_demean	n/a	-4.000	n/a	n/a	0.849
219.648	0.772	control_pumps_demean	n/a	-3.000	n/a	n/a	0.521
222.076	0.772	control_pumps_demean	n/a	-2.000	n/a	n/a	1.086
224.638	0.772	control_pumps_demean	n/a	-1.000	n/a	n/a	1.211
227.290	0.772	control_pumps_demean	n/a	0.000	n/a	n/a	0.791
229.795	0.772	control_pumps_demean	n/a	1.000	n/a	n/a	1.046
233.486	0.772	control_pumps_demean	n/a	2.000	n/a	n/a	1.507
237.159	0.772	control_pumps_demean	n/a	3.000	n/a	n/a	1.011
240.158	0.772	control_pumps_demean	n/a	4.000	n/a	n/a	0.963
242.923	0.772	control_pumps_demean	n/a	5.000	n/a	n/a	0.703
250.808	0.772	pumps_demean	n/a	n/a	n/a	-3.500	1.002
254.711	0.772	pumps_demean	n/a	n/a	n/a	-2.500	0.619
257.895	0.772	pumps_demean	n/a	n/a	n/a	-1.500	0.995
260.773	0.772	pumps_demean	n/a	n/a	n/a	-0.500	0.997
263.184	0.772	pumps_demean	n/a	n/a	n/a	0.500	1.562
267.324	0.772	pumps_demean	n/a	n/a	n/a	1.500	1.614
270.752	0.772	pumps_demean	n/a	n/a	n/a	2.500	1.962
274.036	0.772	pumps_demean	n/a	n/a	n/a	3.500	2.342
277.587	0.772	cash_demean	3.154	n/a	n/a	n/a	2.215
284.257	0.772	control_pumps_demean	n/a	-4.000	n/a	n/a	0.705
287.485	0.772	control_pumps_demean	n/a	-3.000	n/a	n/a	0.797
289.403	0.772	control_pumps_demean	n/a	-2.000	n/a	n/a	0.583
291.951	0.772	control_pumps_demean	n/a	-1.000	n/a	n/a	0.730
294.604	0.772	control_pumps_demean	n/a	0.000	n/a	n/a	2.311
298.290	0.772	control_pumps_demean	n/a	1.000	n/a	n/a	1.984
303.037	0.772	control_pumps_demean	n/a	2.000	n/a	n/a	0.613
305.870	0.772	control_pumps_demean	n/a	3.000	n/a	n/a	1.780
309.767	0.772	control_pumps_demean	n/a	4.000	n/a	n/a	0.708
319.620	0.772	pumps_demean	n/a	n/a	n/a	-1.500	0.591
322.097	0.772	pumps_demean	n/a	n/a	n/a	-0.500	0.442
324.956	0.772	pumps_demean	n/a	n/a	n/a	0.500	1.567
329.019	0.772	pumps_demean	n/a	n/a	n/a	1.500	1.280
331.857	0.772	cash_demean	-0.846	n/a	n/a	n/a	1.514
338.443	0.772	pumps_demean	n/a	n/a	n/a	-3.500	0.655
340.848	0.772	pumps_demean	n/a	n/a	n/a	-2.500	0.442
342.644	0.772	pumps_demean	n/a	n/a	n/a	-1.500	0.711
345.250	0.772	pumps_demean	n/a	n/a	n/a	-0.500	0.577
348.701	0.772	pumps_demean	n/a	n/a	n/a	0.500	0.677
351.512	0.772	pumps_demean	n/a	n/a	n/a	1.500	0.923
354.223	0.772	pumps_demean	n/a	n/a	n/a	2.500	0.820
356.873	0.772	pumps_demean	n/a	n/a	n/a	3.500	0.793
358.747	0.772	cash_demean	3.154	n/a	n/a	n/a	1.512
365.626	0.772	pumps_demean	n/a	n/a	n/a	-0.500	0.529
368.389	0.772	pumps_demean	n/a	n/a	n/a	0.500	0.430
370.720	0.772	explode_demean	n/a	n/a	-1.778	n/a	n/a
375.459	0.772	control_pumps_demean	n/a	-1.000	n/a	n/a	0.896
378.244	0.772	control_pumps_demean	n/a	0.000	n/a	n/a	0.391
381.698	0.772	control_pumps_demean	n/a	1.000	n/a	n/a	0.481
392.470	0.772	control_pumps_demean	n/a	0.000	n/a	n/a	1.101
403.793	0.772	pumps_demean	n/a	n/a	n/a	-2.500	0.737
405.817	0.772	pumps_demean	n/a	n/a	n/a	-1.500	0.922
409.111	0.772	pumps_demean	n/a	n/a	n/a	-0.500	0.797
412.686	0.772	pumps_demean	n/a	n/a	n/a	0.500	0.830
416.340	0.772	pumps_demean	n/a	n/a	n/a	1.500	1.063
419.025	0.772	pumps_demean	n/a	n/a	n/a	2.500	1.299
421.735	0.772	cash_demean	1.154	n/a	n/a	n/a	1.212
428.786	0.772	pumps_demean	n/a	n/a	n/a	-0.500	0.833
430.898	0.772	pumps_demean	n/a	n/a	n/a	0.500	1.521
435.037	0.772	explode_demean	n/a	n/a	-1.778	n/a	n/a
440.313	0.772	pumps_demean	n/a	n/a	n/a	-1.000	0.635
443.991	0.772	pumps_demean	n/a	n/a	n/a	0.000	0.572
447.100	0.772	pumps_demean	n/a	n/a	n/a	1.000	0.432
448.631	0.772	explode_demean	n/a	n/a	-0.778	n/a	n/a
454.060	0.772	pumps_demean	n/a	n/a	n/a	-1.500	0.583
457.039	0.772	pumps_demean	n/a	n/a	n/a	-0.500	0.516
458.935	0.772	pumps_demean	n/a	n/a	n/a	0.500	0.948
462.409	0.772	pumps_demean	n/a	n/a	n/a	1.500	0.811
465.275	0.772	explode_demean	n/a	n/a	0.222	n/a	n/a
468.760	0.772	pumps_demean	n/a	n/a	n/a	-5.000	0.429
470.573	0.772	pumps_demean	n/a	n/a	n/a	-4.000	0.471
472.856	0.772	pumps_demean	n/a	n/a	n/a	-3.000	0.835
475.966	0.772	pumps_demean	n/a	n/a	n/a	-2.000	0.750
478.721	0.772	pumps_demean	n/a	n/a	n/a	-1.000	0.946
481.119	0.772	pumps_demean	n/a	n/a	n/a	0.000	1.612
484.039	0.772	pumps_demean	n/a	n/a	n/a	1.000	2.645
488.386	0.772	pumps_demean	n/a	n/a	n/a	2.000	1.522
492.510	0.772	pumps_demean	n/a	n/a	n/a	3.000	1.126
494.979	0.772	pumps_demean	n/a	n/a	n/a	4.000	1.105
498.723	0.772	pumps_demean	n/a	n/a	n/a	5.000	1.265
501.709	0.772	cash_demean	6.154	n/a	n/a	n/a	1.271
507.665	0.772	pumps_demean	n/a	n/a	n/a	-1.000	0.843
510.050	0.772	pumps_demean	n/a	n/a	n/a	0.000	0.595
513.058	0.772	pumps_demean	n/a	n/a	n/a	1.000	0.578
515.656	0.772	cash_demean	-1.846	n/a	n/a	n/a	2.452
525.898	0.772	pumps_demean	n/a	n/a	n/a	-1.000	0.650
528.671	0.772	pumps_demean	n/a	n/a	n/a	0.000	0.382
531.412	0.772	pumps_demean	n/a	n/a	n/a	1.000	0.440
534.371	0.772	explode_demean	n/a	n/a	-0.778	n/a	n/a
544.790	0.772	pumps_demean	n/a	n/a	n/a	-1.500	0.582
547.068	0.772	pumps_demean	n/a	n/a	n/a	-0.500	0.592
549.312	0.772	pumps_demean	n/a	n/a	n/a	0.500	0.772
552.928	0.772	pumps_demean	n/a	n/a	n/a	1.500	1.196
556.722	0.772	cash_demean	-0.846	n/a	n/a	n/a	1.060
563.721	0.772	pumps_demean	n/a	n/a	n/a	-5.500	0.556
567.357	0.772	pumps_demean	n/a	n/a	n/a	-4.500	0.656
569.338	0.772	pumps_demean	n/a	n/a	n/a	-3.500	0.891
572.559	0.772	pumps_demean	n/a	n/a	n/a	-2.500	1.030
575.931	0.772	pumps_demean	n/a	n/a	n/a	-1.500	0.442
577.957	0.772	pumps_demean	n/a	n/a	n/a	-0.500	0.512
580.536	0.772	pumps_demean	n/a	n/a	n/a	0.500	1.501
583.182	0.772	pumps_demean	n/a	n/a	n/a	1.500	1.007
585.304	0.772	pumps_demean	n/a	n/a	n/a	2.500	0.732
588.501	0.772	pumps_demean	n/a	n/a	n/a	3.500	0.488
591.933	0.772	pumps_demean	n/a	n/a	n/a	4.500	0.704
594.870	0.772	pumps_demean	n/a	n/a	n/a	5.500	1.254
597.193	0.772	explode_demean	n/a	n/a	8.222	n/a	n/a
