onset	duration	trial_type	cash_demean	control_pumps_demean	explode_demean	pumps_demean	response_time
0.059	0.772	control_pumps_demean	n/a	-2.500	n/a	n/a	1.602
3.449	0.772	control_pumps_demean	n/a	-1.500	n/a	n/a	0.899
6.647	0.772	control_pumps_demean	n/a	-0.500	n/a	n/a	0.630
10.177	0.772	control_pumps_demean	n/a	0.500	n/a	n/a	0.467
12.063	0.772	control_pumps_demean	n/a	1.500	n/a	n/a	1.342
15.756	0.772	control_pumps_demean	n/a	2.500	n/a	n/a	1.066
28.241	0.772	pumps_demean	n/a	n/a	n/a	-0.500	1.116
30.889	0.772	pumps_demean	n/a	n/a	n/a	0.500	0.843
33.449	0.772	explode_demean	n/a	n/a	-1.273	n/a	n/a
47.479	0.772	pumps_demean	n/a	n/a	n/a	-2.000	0.735
51.257	0.772	pumps_demean	n/a	n/a	n/a	-1.000	0.388
54.688	0.772	pumps_demean	n/a	n/a	n/a	0.000	0.470
57.605	0.772	pumps_demean	n/a	n/a	n/a	1.000	0.400
60.133	0.772	pumps_demean	n/a	n/a	n/a	2.000	0.800
63.681	0.772	cash_demean	0.667	n/a	n/a	n/a	1.716
71.103	0.772	pumps_demean	n/a	n/a	n/a	-0.500	0.870
73.649	0.772	pumps_demean	n/a	n/a	n/a	0.500	0.501
76.219	0.772	explode_demean	n/a	n/a	-1.273	n/a	n/a
87.769	0.772	pumps_demean	n/a	n/a	n/a	-2.500	0.685
90.694	0.772	pumps_demean	n/a	n/a	n/a	-1.500	0.319
93.285	0.772	pumps_demean	n/a	n/a	n/a	-0.500	0.832
96.102	0.772	pumps_demean	n/a	n/a	n/a	0.500	0.536
98.385	0.772	pumps_demean	n/a	n/a	n/a	1.500	0.788
101.916	0.772	pumps_demean	n/a	n/a	n/a	2.500	1.186
105.078	0.772	cash_demean	1.667	n/a	n/a	n/a	0.832
109.700	0.772	control_pumps_demean	n/a	-3.000	n/a	n/a	0.690
112.268	0.772	control_pumps_demean	n/a	-2.000	n/a	n/a	0.442
115.727	0.772	control_pumps_demean	n/a	-1.000	n/a	n/a	0.598
119.238	0.772	control_pumps_demean	n/a	0.000	n/a	n/a	0.920
122.188	0.772	control_pumps_demean	n/a	1.000	n/a	n/a	0.922
125.118	0.772	control_pumps_demean	n/a	2.000	n/a	n/a	0.984
128.696	0.772	control_pumps_demean	n/a	3.000	n/a	n/a	0.678
140.928	0.772	pumps_demean	n/a	n/a	n/a	-1.000	0.597
143.502	0.772	pumps_demean	n/a	n/a	n/a	0.000	0.695
145.708	0.772	pumps_demean	n/a	n/a	n/a	1.000	0.474
149.250	0.772	cash_demean	-1.333	n/a	n/a	n/a	0.356
152.852	0.772	pumps_demean	n/a	n/a	n/a	-3.000	0.667
156.156	0.772	pumps_demean	n/a	n/a	n/a	-2.000	0.338
159.489	0.772	pumps_demean	n/a	n/a	n/a	-1.000	0.261
160.860	0.772	pumps_demean	n/a	n/a	n/a	0.000	0.562
163.710	0.772	pumps_demean	n/a	n/a	n/a	1.000	0.296
166.860	0.772	pumps_demean	n/a	n/a	n/a	2.000	0.778
169.924	0.772	pumps_demean	n/a	n/a	n/a	3.000	0.403
171.912	0.772	explode_demean	n/a	n/a	3.727	n/a	n/a
177.697	0.772	pumps_demean	n/a	n/a	n/a	-1.000	0.614
181.113	0.772	pumps_demean	n/a	n/a	n/a	0.000	0.349
182.884	0.772	pumps_demean	n/a	n/a	n/a	1.000	0.386
184.676	0.772	cash_demean	-1.333	n/a	n/a	n/a	0.331
191.008	0.772	pumps_demean	n/a	n/a	n/a	-1.000	0.481
193.379	0.772	pumps_demean	n/a	n/a	n/a	0.000	0.252
195.260	0.772	pumps_demean	n/a	n/a	n/a	1.000	0.307
197.354	0.772	cash_demean	-1.333	n/a	n/a	n/a	0.524
207.461	0.772	pumps_demean	n/a	n/a	n/a	0.000	0.577
210.506	0.772	explode_demean	n/a	n/a	-2.273	n/a	n/a
216.640	0.772	pumps_demean	n/a	n/a	n/a	-2.000	0.454
218.641	0.772	pumps_demean	n/a	n/a	n/a	-1.000	0.285
221.423	0.772	pumps_demean	n/a	n/a	n/a	0.000	0.368
222.892	0.772	pumps_demean	n/a	n/a	n/a	1.000	0.346
226.308	0.772	pumps_demean	n/a	n/a	n/a	2.000	0.394
228.260	0.772	explode_demean	n/a	n/a	1.727	n/a	n/a
231.671	0.772	pumps_demean	n/a	n/a	n/a	-1.500	0.424
234.342	0.772	pumps_demean	n/a	n/a	n/a	-0.500	0.265
235.757	0.772	pumps_demean	n/a	n/a	n/a	0.500	0.370
238.202	0.772	pumps_demean	n/a	n/a	n/a	1.500	1.493
241.632	0.772	cash_demean	-0.333	n/a	n/a	n/a	0.431
245.503	0.772	pumps_demean	n/a	n/a	n/a	-2.000	0.736
247.729	0.772	pumps_demean	n/a	n/a	n/a	-1.000	0.254
251.014	0.772	pumps_demean	n/a	n/a	n/a	0.000	0.297
253.383	0.772	pumps_demean	n/a	n/a	n/a	1.000	0.376
255.454	0.772	pumps_demean	n/a	n/a	n/a	2.000	0.337
258.057	0.772	explode_demean	n/a	n/a	1.727	n/a	n/a
263.644	0.772	pumps_demean	n/a	n/a	n/a	-2.000	0.563
265.387	0.772	pumps_demean	n/a	n/a	n/a	-1.000	0.395
268.000	0.772	pumps_demean	n/a	n/a	n/a	0.000	0.328
269.593	0.772	pumps_demean	n/a	n/a	n/a	1.000	0.302
271.259	0.772	pumps_demean	n/a	n/a	n/a	2.000	0.476
274.706	0.772	cash_demean	0.667	n/a	n/a	n/a	0.629
280.457	0.772	control_pumps_demean	n/a	-5.500	n/a	n/a	0.750
283.288	0.772	control_pumps_demean	n/a	-4.500	n/a	n/a	0.367
285.599	0.772	control_pumps_demean	n/a	-3.500	n/a	n/a	0.448
288.048	0.772	control_pumps_demean	n/a	-2.500	n/a	n/a	0.391
290.420	0.772	control_pumps_demean	n/a	-1.500	n/a	n/a	0.548
293.122	0.772	control_pumps_demean	n/a	-0.500	n/a	n/a	1.054
296.836	0.772	control_pumps_demean	n/a	0.500	n/a	n/a	0.324
299.628	0.772	control_pumps_demean	n/a	1.500	n/a	n/a	0.379
302.697	0.772	control_pumps_demean	n/a	2.500	n/a	n/a	0.415
305.918	0.772	control_pumps_demean	n/a	3.500	n/a	n/a	0.409
309.040	0.772	control_pumps_demean	n/a	4.500	n/a	n/a	0.432
311.963	0.772	control_pumps_demean	n/a	5.500	n/a	n/a	0.485
322.360	0.772	pumps_demean	n/a	n/a	n/a	-1.000	0.664
325.758	0.772	pumps_demean	n/a	n/a	n/a	0.000	0.290
327.565	0.772	pumps_demean	n/a	n/a	n/a	1.000	0.387
330.231	0.772	explode_demean	n/a	n/a	-0.273	n/a	n/a
341.882	0.772	pumps_demean	n/a	n/a	n/a	-2.000	0.686
344.541	0.772	pumps_demean	n/a	n/a	n/a	-1.000	0.356
346.248	0.772	pumps_demean	n/a	n/a	n/a	0.000	0.383
347.918	0.772	pumps_demean	n/a	n/a	n/a	1.000	0.362
350.707	0.772	pumps_demean	n/a	n/a	n/a	2.000	0.365
352.403	0.772	cash_demean	0.667	n/a	n/a	n/a	0.677
360.036	0.772	control_pumps_demean	n/a	-2.500	n/a	n/a	0.724
363.727	0.772	control_pumps_demean	n/a	-1.500	n/a	n/a	0.314
366.736	0.772	control_pumps_demean	n/a	-0.500	n/a	n/a	0.312
369.822	0.772	control_pumps_demean	n/a	0.500	n/a	n/a	0.586
371.708	0.772	control_pumps_demean	n/a	1.500	n/a	n/a	0.612
375.223	0.772	control_pumps_demean	n/a	2.500	n/a	n/a	0.425
387.234	0.772	pumps_demean	n/a	n/a	n/a	-1.000	0.679
389.509	0.772	pumps_demean	n/a	n/a	n/a	0.000	0.572
392.114	0.772	pumps_demean	n/a	n/a	n/a	1.000	0.766
395.362	0.772	explode_demean	n/a	n/a	-0.273	n/a	n/a
402.239	0.772	pumps_demean	n/a	n/a	n/a	-2.000	0.586
404.718	0.772	pumps_demean	n/a	n/a	n/a	-1.000	0.291
406.393	0.772	pumps_demean	n/a	n/a	n/a	0.000	0.363
408.138	0.772	pumps_demean	n/a	n/a	n/a	1.000	0.327
411.093	0.772	pumps_demean	n/a	n/a	n/a	2.000	0.468
413.683	0.772	cash_demean	0.667	n/a	n/a	n/a	1.038
420.470	0.772	pumps_demean	n/a	n/a	n/a	-2.000	0.595
422.865	0.772	pumps_demean	n/a	n/a	n/a	-1.000	0.240
424.527	0.772	pumps_demean	n/a	n/a	n/a	0.000	0.282
426.222	0.772	pumps_demean	n/a	n/a	n/a	1.000	0.299
429.477	0.772	pumps_demean	n/a	n/a	n/a	2.000	0.331
431.481	0.772	cash_demean	0.667	n/a	n/a	n/a	0.368
435.554	0.772	control_pumps_demean	n/a	-2.000	n/a	n/a	0.719
438.460	0.772	control_pumps_demean	n/a	-1.000	n/a	n/a	0.253
440.138	0.772	control_pumps_demean	n/a	0.000	n/a	n/a	0.319
441.673	0.772	control_pumps_demean	n/a	1.000	n/a	n/a	0.584
444.751	0.772	control_pumps_demean	n/a	2.000	n/a	n/a	0.362
456.418	0.772	pumps_demean	n/a	n/a	n/a	0.000	0.591
458.843	0.772	explode_demean	n/a	n/a	-2.273	n/a	n/a
465.935	0.772	pumps_demean	n/a	n/a	n/a	-1.000	0.522
468.893	0.772	pumps_demean	n/a	n/a	n/a	0.000	0.356
472.324	0.772	pumps_demean	n/a	n/a	n/a	1.000	0.357
474.730	0.772	cash_demean	-1.333	n/a	n/a	n/a	0.312
481.981	0.772	control_pumps_demean	n/a	0.000	n/a	n/a	0.836
491.310	0.772	pumps_demean	n/a	n/a	n/a	0.000	0.700
493.326	0.772	explode_demean	n/a	n/a	-2.273	n/a	n/a
497.213	0.772	pumps_demean	n/a	n/a	n/a	-2.000	1.012
501.255	0.772	pumps_demean	n/a	n/a	n/a	-1.000	0.466
504.559	0.772	pumps_demean	n/a	n/a	n/a	0.000	0.331
506.389	0.772	pumps_demean	n/a	n/a	n/a	1.000	0.404
508.300	0.772	pumps_demean	n/a	n/a	n/a	2.000	0.446
511.802	0.772	cash_demean	0.667	n/a	n/a	n/a	0.521
520.657	0.772	control_pumps_demean	n/a	-3.000	n/a	n/a	0.697
524.236	0.772	control_pumps_demean	n/a	-2.000	n/a	n/a	0.581
527.156	0.772	control_pumps_demean	n/a	-1.000	n/a	n/a	0.510
529.099	0.772	control_pumps_demean	n/a	0.000	n/a	n/a	0.711
531.370	0.772	control_pumps_demean	n/a	1.000	n/a	n/a	0.544
533.502	0.772	control_pumps_demean	n/a	2.000	n/a	n/a	0.452
536.768	0.772	control_pumps_demean	n/a	3.000	n/a	n/a	0.409
544.971	0.772	control_pumps_demean	n/a	-5.500	n/a	n/a	0.694
547.069	0.772	control_pumps_demean	n/a	-4.500	n/a	n/a	0.606
549.032	0.772	control_pumps_demean	n/a	-3.500	n/a	n/a	0.362
551.200	0.772	control_pumps_demean	n/a	-2.500	n/a	n/a	0.306
554.438	0.772	control_pumps_demean	n/a	-1.500	n/a	n/a	0.556
556.845	0.772	control_pumps_demean	n/a	-0.500	n/a	n/a	0.485
560.227	0.772	control_pumps_demean	n/a	0.500	n/a	n/a	0.639
562.628	0.772	control_pumps_demean	n/a	1.500	n/a	n/a	0.647
564.624	0.772	control_pumps_demean	n/a	2.500	n/a	n/a	0.458
566.325	0.772	control_pumps_demean	n/a	3.500	n/a	n/a	0.533
569.705	0.772	control_pumps_demean	n/a	4.500	n/a	n/a	0.809
571.943	0.772	control_pumps_demean	n/a	5.500	n/a	n/a	0.579
580.547	0.772	pumps_demean	n/a	n/a	n/a	-2.500	1.087
583.136	0.772	pumps_demean	n/a	n/a	n/a	-1.500	0.347
585.572	0.772	pumps_demean	n/a	n/a	n/a	-0.500	0.335
588.475	0.772	pumps_demean	n/a	n/a	n/a	0.500	0.311
591.428	0.772	pumps_demean	n/a	n/a	n/a	1.500	0.335
593.384	0.772	pumps_demean	n/a	n/a	n/a	2.500	0.851
595.810	0.772	explode_demean	n/a	n/a	2.727	n/a	n/a
