onset	duration	trial_type	cash_demean	control_pumps_demean	explode_demean	pumps_demean	response_time
0.066	0.772	control_pumps_demean	n/a	-0.500	n/a	n/a	1.469
4.530	0.772	control_pumps_demean	n/a	0.500	n/a	n/a	1.220
14.132	0.772	pumps_demean	n/a	n/a	n/a	-5.000	0.979
17.972	0.772	pumps_demean	n/a	n/a	n/a	-4.000	1.155
21.536	0.772	pumps_demean	n/a	n/a	n/a	-3.000	0.895
24.916	0.772	pumps_demean	n/a	n/a	n/a	-2.000	1.714
29.348	0.772	pumps_demean	n/a	n/a	n/a	-1.000	1.691
33.298	0.772	pumps_demean	n/a	n/a	n/a	0.000	2.188
37.463	0.772	pumps_demean	n/a	n/a	n/a	1.000	0.919
39.619	0.772	pumps_demean	n/a	n/a	n/a	2.000	0.875
43.185	0.772	pumps_demean	n/a	n/a	n/a	3.000	0.950
45.466	0.772	pumps_demean	n/a	n/a	n/a	4.000	0.621
48.953	0.772	pumps_demean	n/a	n/a	n/a	5.000	0.478
52.360	0.772	explode_demean	n/a	n/a	6.100	n/a	n/a
57.971	0.772	pumps_demean	n/a	n/a	n/a	-2.000	0.460
60.115	0.772	pumps_demean	n/a	n/a	n/a	-1.000	0.396
62.612	0.772	pumps_demean	n/a	n/a	n/a	0.000	0.435
65.163	0.772	pumps_demean	n/a	n/a	n/a	1.000	0.380
68.211	0.772	pumps_demean	n/a	n/a	n/a	2.000	0.692
71.406	0.772	cash_demean	-0.091	n/a	n/a	n/a	1.041
79.863	0.772	pumps_demean	n/a	n/a	n/a	-3.000	0.560
83.173	0.772	pumps_demean	n/a	n/a	n/a	-2.000	0.626
86.330	0.772	pumps_demean	n/a	n/a	n/a	-1.000	0.325
88.952	0.772	pumps_demean	n/a	n/a	n/a	0.000	0.327
90.522	0.772	pumps_demean	n/a	n/a	n/a	1.000	0.558
92.715	0.772	pumps_demean	n/a	n/a	n/a	2.000	0.908
95.048	0.772	pumps_demean	n/a	n/a	n/a	3.000	1.000
97.322	0.772	cash_demean	1.909	n/a	n/a	n/a	0.829
109.756	0.772	pumps_demean	n/a	n/a	n/a	0.000	0.580
112.758	0.772	explode_demean	n/a	n/a	-3.900	n/a	n/a
118.098	0.772	pumps_demean	n/a	n/a	n/a	-3.000	0.605
120.215	0.772	pumps_demean	n/a	n/a	n/a	-2.000	0.296
122.550	0.772	pumps_demean	n/a	n/a	n/a	-1.000	0.353
124.786	0.772	pumps_demean	n/a	n/a	n/a	0.000	0.509
127.239	0.772	pumps_demean	n/a	n/a	n/a	1.000	0.464
129.720	0.772	pumps_demean	n/a	n/a	n/a	2.000	1.407
132.524	0.772	pumps_demean	n/a	n/a	n/a	3.000	1.580
136.815	0.772	cash_demean	1.909	n/a	n/a	n/a	0.801
147.755	0.772	control_pumps_demean	n/a	-5.500	n/a	n/a	0.588
149.565	0.772	control_pumps_demean	n/a	-4.500	n/a	n/a	0.410
151.459	0.772	control_pumps_demean	n/a	-3.500	n/a	n/a	0.429
153.784	0.772	control_pumps_demean	n/a	-2.500	n/a	n/a	0.432
156.036	0.772	control_pumps_demean	n/a	-1.500	n/a	n/a	0.356
158.637	0.772	control_pumps_demean	n/a	-0.500	n/a	n/a	0.395
161.500	0.772	control_pumps_demean	n/a	0.500	n/a	n/a	0.411
164.741	0.772	control_pumps_demean	n/a	1.500	n/a	n/a	0.572
166.635	0.772	control_pumps_demean	n/a	2.500	n/a	n/a	0.636
169.130	0.772	control_pumps_demean	n/a	3.500	n/a	n/a	0.469
171.511	0.772	control_pumps_demean	n/a	4.500	n/a	n/a	0.417
174.669	0.772	control_pumps_demean	n/a	5.500	n/a	n/a	0.331
188.360	0.772	pumps_demean	n/a	n/a	n/a	-3.500	0.768
190.617	0.772	pumps_demean	n/a	n/a	n/a	-2.500	0.319
193.841	0.772	pumps_demean	n/a	n/a	n/a	-1.500	0.335
196.852	0.772	pumps_demean	n/a	n/a	n/a	-0.500	0.269
199.439	0.772	pumps_demean	n/a	n/a	n/a	0.500	0.321
202.235	0.772	pumps_demean	n/a	n/a	n/a	1.500	0.453
205.192	0.772	pumps_demean	n/a	n/a	n/a	2.500	0.432
208.099	0.772	pumps_demean	n/a	n/a	n/a	3.500	0.725
210.391	0.772	explode_demean	n/a	n/a	3.100	n/a	n/a
213.712	0.772	pumps_demean	n/a	n/a	n/a	-3.000	0.464
216.741	0.772	pumps_demean	n/a	n/a	n/a	-2.000	0.387
218.879	0.772	pumps_demean	n/a	n/a	n/a	-1.000	0.329
220.317	0.772	pumps_demean	n/a	n/a	n/a	0.000	0.310
221.883	0.772	pumps_demean	n/a	n/a	n/a	1.000	0.317
223.784	0.772	pumps_demean	n/a	n/a	n/a	2.000	0.320
225.982	0.772	pumps_demean	n/a	n/a	n/a	3.000	0.547
228.580	0.772	cash_demean	1.909	n/a	n/a	n/a	0.468
236.688	0.772	pumps_demean	n/a	n/a	n/a	-1.500	0.680
239.031	0.772	pumps_demean	n/a	n/a	n/a	-0.500	0.242
242.144	0.772	pumps_demean	n/a	n/a	n/a	0.500	0.377
244.361	0.772	pumps_demean	n/a	n/a	n/a	1.500	0.376
246.906	0.772	explode_demean	n/a	n/a	-0.900	n/a	n/a
254.963	0.772	control_pumps_demean	n/a	-4.000	n/a	n/a	0.661
257.530	0.772	control_pumps_demean	n/a	-3.000	n/a	n/a	0.312
260.906	0.772	control_pumps_demean	n/a	-2.000	n/a	n/a	0.319
263.155	0.772	control_pumps_demean	n/a	-1.000	n/a	n/a	0.390
265.206	0.772	control_pumps_demean	n/a	0.000	n/a	n/a	0.274
266.660	0.772	control_pumps_demean	n/a	1.000	n/a	n/a	0.388
268.567	0.772	control_pumps_demean	n/a	2.000	n/a	n/a	0.291
271.868	0.772	control_pumps_demean	n/a	3.000	n/a	n/a	0.317
275.244	0.772	control_pumps_demean	n/a	4.000	n/a	n/a	0.357
287.690	0.772	pumps_demean	n/a	n/a	n/a	-1.500	0.703
290.861	0.772	pumps_demean	n/a	n/a	n/a	-0.500	0.364
292.470	0.772	pumps_demean	n/a	n/a	n/a	0.500	0.403
295.753	0.772	pumps_demean	n/a	n/a	n/a	1.500	0.416
297.421	0.772	explode_demean	n/a	n/a	-0.900	n/a	n/a
307.137	0.772	pumps_demean	n/a	n/a	n/a	-3.000	0.761
309.614	0.772	pumps_demean	n/a	n/a	n/a	-2.000	0.363
311.739	0.772	pumps_demean	n/a	n/a	n/a	-1.000	0.326
314.982	0.772	pumps_demean	n/a	n/a	n/a	0.000	0.411
316.801	0.772	pumps_demean	n/a	n/a	n/a	1.000	0.529
319.128	0.772	pumps_demean	n/a	n/a	n/a	2.000	0.409
320.975	0.772	pumps_demean	n/a	n/a	n/a	3.000	0.578
323.712	0.772	cash_demean	1.909	n/a	n/a	n/a	0.585
329.044	0.772	pumps_demean	n/a	n/a	n/a	-1.000	0.941
332.814	0.772	pumps_demean	n/a	n/a	n/a	0.000	0.299
335.861	0.772	pumps_demean	n/a	n/a	n/a	1.000	0.492
337.605	0.772	cash_demean	-2.091	n/a	n/a	n/a	0.516
341.640	0.772	pumps_demean	n/a	n/a	n/a	-3.000	0.593
344.187	0.772	pumps_demean	n/a	n/a	n/a	-2.000	0.279
347.495	0.772	pumps_demean	n/a	n/a	n/a	-1.000	0.315
349.484	0.772	pumps_demean	n/a	n/a	n/a	0.000	0.365
352.249	0.772	pumps_demean	n/a	n/a	n/a	1.000	0.456
355.254	0.772	pumps_demean	n/a	n/a	n/a	2.000	0.508
357.069	0.772	pumps_demean	n/a	n/a	n/a	3.000	0.557
359.866	0.772	explode_demean	n/a	n/a	2.100	n/a	n/a
363.381	0.772	control_pumps_demean	n/a	-5.500	n/a	n/a	0.669
367.079	0.772	control_pumps_demean	n/a	-4.500	n/a	n/a	0.371
369.815	0.772	control_pumps_demean	n/a	-3.500	n/a	n/a	0.458
372.387	0.772	control_pumps_demean	n/a	-2.500	n/a	n/a	0.512
375.674	0.772	control_pumps_demean	n/a	-1.500	n/a	n/a	0.440
377.878	0.772	control_pumps_demean	n/a	-0.500	n/a	n/a	0.480
380.048	0.772	control_pumps_demean	n/a	0.500	n/a	n/a	0.442
381.826	0.772	control_pumps_demean	n/a	1.500	n/a	n/a	0.567
384.320	0.772	control_pumps_demean	n/a	2.500	n/a	n/a	0.514
385.958	0.772	control_pumps_demean	n/a	3.500	n/a	n/a	0.628
388.713	0.772	control_pumps_demean	n/a	4.500	n/a	n/a	0.625
391.999	0.772	control_pumps_demean	n/a	5.500	n/a	n/a	0.595
400.790	0.772	pumps_demean	n/a	n/a	n/a	-1.500	1.212
403.711	0.772	pumps_demean	n/a	n/a	n/a	-0.500	0.355
405.342	0.772	pumps_demean	n/a	n/a	n/a	0.500	0.716
407.468	0.772	pumps_demean	n/a	n/a	n/a	1.500	0.470
410.663	0.772	cash_demean	-1.091	n/a	n/a	n/a	0.835
420.487	0.772	control_pumps_demean	n/a	-2.000	n/a	n/a	0.779
423.734	0.772	control_pumps_demean	n/a	-1.000	n/a	n/a	0.389
426.000	0.772	control_pumps_demean	n/a	0.000	n/a	n/a	0.290
428.958	0.772	control_pumps_demean	n/a	1.000	n/a	n/a	0.316
431.587	0.772	control_pumps_demean	n/a	2.000	n/a	n/a	0.303
441.378	0.772	control_pumps_demean	n/a	0.000	n/a	n/a	0.976
455.095	0.772	pumps_demean	n/a	n/a	n/a	-0.500	1.235
459.166	0.772	pumps_demean	n/a	n/a	n/a	0.500	0.445
461.394	0.772	explode_demean	n/a	n/a	-2.900	n/a	n/a
466.800	0.772	pumps_demean	n/a	n/a	n/a	0.000	0.819
470.491	0.772	explode_demean	n/a	n/a	-3.900	n/a	n/a
475.864	0.772	control_pumps_demean	n/a	-2.000	n/a	n/a	0.810
477.741	0.772	control_pumps_demean	n/a	-1.000	n/a	n/a	0.374
480.515	0.772	control_pumps_demean	n/a	0.000	n/a	n/a	1.039
483.318	0.772	control_pumps_demean	n/a	1.000	n/a	n/a	0.837
486.104	0.772	control_pumps_demean	n/a	2.000	n/a	n/a	1.162
497.320	0.772	pumps_demean	n/a	n/a	n/a	-2.000	3.811
503.039	0.772	pumps_demean	n/a	n/a	n/a	-1.000	2.100
506.546	0.772	pumps_demean	n/a	n/a	n/a	0.000	0.840
508.817	0.772	pumps_demean	n/a	n/a	n/a	1.000	0.626
511.969	0.772	pumps_demean	n/a	n/a	n/a	2.000	1.346
514.505	0.772	cash_demean	-0.091	n/a	n/a	n/a	2.721
524.798	0.772	pumps_demean	n/a	n/a	n/a	-2.500	0.677
527.731	0.772	pumps_demean	n/a	n/a	n/a	-1.500	0.503
530.946	0.772	pumps_demean	n/a	n/a	n/a	-0.500	0.441
533.257	0.772	pumps_demean	n/a	n/a	n/a	0.500	0.595
535.895	0.772	pumps_demean	n/a	n/a	n/a	1.500	1.140
539.257	0.772	pumps_demean	n/a	n/a	n/a	2.500	1.202
542.948	0.772	explode_demean	n/a	n/a	1.100	n/a	n/a
550.954	0.772	pumps_demean	n/a	n/a	n/a	-2.000	1.169
553.801	0.772	pumps_demean	n/a	n/a	n/a	-1.000	0.331
556.636	0.772	pumps_demean	n/a	n/a	n/a	0.000	0.328
559.150	0.772	pumps_demean	n/a	n/a	n/a	1.000	0.277
560.628	0.772	pumps_demean	n/a	n/a	n/a	2.000	0.456
562.269	0.772	explode_demean	n/a	n/a	0.100	n/a	n/a
569.007	0.772	pumps_demean	n/a	n/a	n/a	-1.000	0.860
572.498	0.772	pumps_demean	n/a	n/a	n/a	0.000	0.378
574.522	0.772	pumps_demean	n/a	n/a	n/a	1.000	0.553
577.198	0.772	cash_demean	-2.091	n/a	n/a	n/a	0.478
582.650	0.772	pumps_demean	n/a	n/a	n/a	-1.000	0.657
586.282	0.772	pumps_demean	n/a	n/a	n/a	0.000	0.297
588.442	0.772	pumps_demean	n/a	n/a	n/a	1.000	0.530
590.071	0.772	cash_demean	-2.091	n/a	n/a	n/a	0.540
597.915	0.772	pumps_demean	n/a	n/a	n/a	-2.000	1.017
601.448	0.772	pumps_demean	n/a	n/a	n/a	-1.000	1.467
605.835	0.772	pumps_demean	n/a	n/a	n/a	0.000	0.857
609.223	0.772	pumps_demean	n/a	n/a	n/a	1.000	1.029
612.568	0.772	pumps_demean	n/a	n/a	n/a	2.000	0.692
615.186	0.772	cash_demean	-0.091	n/a	n/a	n/a	0.842
