{
    "BIDSVersion": "1.0.0",
    "License": "CC0",
    "Name": "Balloon Analog Risk-taking Task",
    "ReferencesAndLinks": [
        "Schonberg TS, Fox CR, Mumford JA, Congdon E, Trepel C, Poldrack RA (2012). Decreasing ventromedial prefrontal cortex activity during sequential risk-taking: An fMRI investigation of the Balloon Analogue Risk Task. Frontiers in Decision Neuroscience, 6:80 doi: 10.3389/fnins.2012.00080"
    ],
    "Authors": [
        "Tom Schonberg",
        "Christopher Trepel",
        "Craig Fox",
        "Russell A. Poldrack"
    ],
    "DatasetDOI": "10.18112/openneuro.ds000001.v1.0.0"
}
